,phrase,label,sentiment,subjectivity,language,count
California,,,,,,
Lake Tahoe,,,,,,
Pakistan,,,,,,
Nepal,,,,,,
Italy,,,,,,
Colorado,,,,,,
Alps,,,,,,
Austria,,,,,,
B.C.,,,,,,
Philippines,,,,,,
South Tyrol,,,,,,
US,,,,,,
Tahoe,,,,,,
Utah,,,,,,
Washington,,,,,,
Northern California,,,,,,
U.S.,,,,,,
Alaska,,,,,,
Kathmandu,,,,,,
Switzerland,,,,,,
China,,,,,,
Tibet,,,,,,
Sierra Nevada,,,,,,
Vegas,,,,,,
Truckee,,,,,,
DENVER,,,,,,
France,,,,,,
Russia,,,,,,
Europe,,,,,,
Everest,,,,,,
Canada,,,,,,
Mount Yalung Ri,,,,,,
Calif.,,,,,,
ROME,,,,,,
Mount Everest,,,,,,
Salzburg,,,,,,
Himalayas,,,,,,
Castle Peak,,,,,,
Los Angeles,,,,,,
Denver,,,,,,
Nevada County,,,,,,
Japan,,,,,,
Minnesota,,,,,,
Juneau,,,,,,
Kashmir,,,,,,
SAN FRANCISCO,,,,,,
Iran,,,,,,
ISLAMABAD,,,,,,
UK,,,,,,
Wyoming,,,,,,
Mammoth Mountain,,,,,,
alps,,,,,,
TRUCKEE,,,,,,
Ontario,,,,,,
Arctic,,,,,,
Broad Peak,,,,,,
Indonesia,,,,,,
La Plagne,,,,,,
Nimsdai,,,,,,
Nashville,,,,,,
Greece,,,,,,
Frog Lake,,,,,,
India,,,,,,
Uttarakhand,,,,,,
Texas,,,,,,
Sweden,,,,,,
the United States,,,,,,
Nagano,,,,,,
Rockies,,,,,,
Terrace,,,,,,
Massachusetts,,,,,,
the Gastein Valley,,,,,,
Germany,,,,,,
Minneapolis,,,,,,
Oregon,,,,,,
Wales,,,,,,
Tyrol,,,,,,
Sierras,,,,,,
Toronto,,,,,,
Southern California,,,,,,
Iceland,,,,,,
Australia,,,,,,
Ladakh,,,,,,
Alberta,,,,,,
Mount Shasta,,,,,,
avalanch,,,,,,
Trishuli river,,,,,,
Zojila,,,,,,
Andorra,,,,,,
New Zealand,,,,,,
Florida,,,,,,
United States,,,,,,
London,,,,,,
Detroit,,,,,,
Marin,,,,,,
Argentina,,,,,,
Spain,,,,,,
Chicago,,,,,,
Khabarhub,,,,,,
New York,,,,,,
the Minnesota Wild,,,,,,
Telluride,,,,,,
Rochester,,,,,,
San Antonio,,,,,,
Carolina,,,,,,
Himalayan river,,,,,,
Dolkha,,,,,,
Britain,,,,,,
Edmonton,,,,,,
Alpine,,,,,,
America,,,,,,
LOS ANGELES,,,,,,
New York City,,,,,,
Chamonix,,,,,,
Sea,,,,,,
Copper Mountain,,,,,,
Jammu,,,,,,
Norway,,,,,,
Islamabad,,,,,,
the Bay Area,,,,,,
Kishtwar,,,,,,
the Bhote Koshi,,,,,,
Afghanistan,,,,,,
French Alps,,,,,,
Rocky Mountain National Park,,,,,,
Savoie,,,,,,
PARIS,,,,,,
Cebu city,,,,,,
MANILA,,,,,,
Salt Lake City,,,,,,
Vancouver,,,,,,
Binaliw,,,,,,
Northern California's,,,,,,
Milan,,,,,,
Northern Ireland,,,,,,
Andes,,,,,,
Broad Peak mountain,,,,,,
North America,,,,,,
Ukraine,,,,,,
Calgary,,,,,,
Kamchatka Peninsula,,,,,,
Scotland,,,,,,
china,,,,,,
Bitcoin,,,,,,
Michigan,,,,,,
Earth,,,,,,
Finland,,,,,,
Montana,,,,,,
Venezuela,,,,,,
Chile,,,,,,
Bay Area,,,,,,
Mount Makalu,,,,,,
British Columbia,,,,,,
Pittsburgh,,,,,,
Dallas,,,,,,
New Jersey Devils,,,,,,
South Coast,,,,,,
Hollywood,,,,,,
NY,,,,,,
East,,,,,,
Brisbane,,,,,,
Telluride Ski Resort,,,,,,
Anaheim,,,,,,
the Winnipeg Jets,,,,,,
Mount McKinley,,,,,,
New Jersey,,,,,,
Houston,,,,,,
Singapore,,,,,,
Badrinath,,,,,,
Antarctic,,,,,,
the Rolwaling Valley,,,,,,
San Jose,,,,,,
Ottawa,,,,,,
KATHMANDU,,,,,,
Arizona,,,,,,
Caribbean,,,,,,
Nauders,,,,,,
High Mountain Asia,,,,,,
Dorset,,,,,,
Dolomite mountains,,,,,,
Boss Basin,,,,,,
Mount Knauss,,,,,,
Anadolu,,,,,,
Boreal Mountain Resort,,,,,,
Vietnam,,,,,,
the Făgăraș Mountains,,,,,,
accor,,,,,,
Lake Tahoe's,,,,,,
BEIJING,,,,,,
Fernie,,,,,,
Revelstoke,,,,,,
Yalung Ri Mountain,,,,,,
Rolwaling,,,,,,
Sierra Nevada Mountains,,,,,,
Kootenay Pass,,,,,,
United Kingdom,,,,,,
VIENNA,,,,,,
South Africa,,,,,,
Fjord,,,,,,
Gyirong Port,,,,,,
Asia,,,,,,
Safeback,,,,,,
Shigatse,,,,,,
Kittitas County Sheriff,,,,,,
North Bend,,,,,,
Paris,,,,,,
Val-d'Isere,,,,,,
Gilgit-Baltistan,,,,,,
Flooding Village,,,,,,
Soda Springs,,,,,,
Chamoli,,,,,,
Warwan Valley,,,,,,
Bend,,,,,,
B.C,,,,,,
Fla.,,,,,,
WASHINGTON,,,,,,
Alta,,,,,,
Mount Everest's,,,,,,
NEW YORK,,,,,,
Brighton Ski Resort,,,,,,
Niigata,,,,,,
Nepals,,,,,,
Land of Lakes,,,,,,
Lombardy,,,,,,
earth,,,,,,
Mountain Village,,,,,,
Yukon,,,,,,
Trentino Alto Adige,,,,,,
Ireland,,,,,,
Summit Kingdom,,,,,,
Seahawks,,,,,,
Orlando,,,,,,
Greenland,,,,,,
Hurricanes,,,,,,
Salyut,,,,,,
Quebec,,,,,,
South Western Railway,,,,,,
Mississippi,,,,,,
Kentucky,,,,,,
Vernon,,,,,,
Whistler,,,,,,
Joffre Lakes Park,,,,,,
Abuja,,,,,,
Queensland,,,,,,
Israel,,,,,,
Ore.,,,,,,
USA,,,,,,
Philadelphia,,,,,,
The United States,,,,,,
the Carolina Hurricanes,,,,,,
Winnipeg Jets,,,,,,
Hong Kong,,,,,,
Heavenly Mountain Resort,,,,,,
CAM,,,,,,
stablecoin,,,,,,
LAS VEGAS,,,,,,
West,,,,,,
Mardin,,,,,,
Syracuse,,,,,,
the Vardousia Mountains,,,,,,
Carolina Hurricanes,,,,,,
St. Louis Blues,,,,,,
Türkiye,,,,,,
Wisconsin,,,,,,
Minn.,,,,,,
Edison,,,,,,
Conway,,,,,,
Vancouver Island,,,,,,
Rhode Island,,,,,,
Metro Vancouver,,,,,,
Brazil,,,,,,
Claremore,,,,,,
Northeast,,,,,,
Slope,,,,,,
Courmayeur,,,,,,
Atlantic,,,,,,
ROCHESTER,,,,,,
TORONTO,,,,,,
Rasuwa district,,,,,,
Eastern Ontario,,,,,,
Lake Superior,,,,,,
the Great Lakes,,,,,,
PyPI,,,,,,
Troy,,,,,,
Swiss Alps,,,,,,
Santiago,,,,,,
US Gulf,,,,,,
Prince George,,,,,,
Indiana,,,,,,
Québec,,,,,,
Whitehorse,,,,,,
Seattle,,,,,,
Nevada County Sheriff,,,,,,
Helsinki,,,,,,
Mo.,,,,,,
Gaza,,,,,,
the river confluence,,,,,,
HANGZHOU,,,,,,
MADRID,,,,,,
Salt Lake County,,,,,,
Purdue,,,,,,
Skåne,,,,,,
KANSAS CITY,,,,,,
Himachal,,,,,,
Shimla,,,,,,
Long Island,,,,,,
New Zealand's,,,,,,
Lech,,,,,,
Illinois,,,,,,
arctic,,,,,,
Cairo,,,,,,
Philly,,,,,,
Herzegovina,,,,,,
Himalaya,,,,,,
the South Rupal Face of Nanga Parbat,,,,,,
Antarctica,,,,,,
Yakutia,,,,,,
Kharkiv,,,,,,
San Diego,,,,,,
Bosnia,,,,,,
Mustang,,,,,,
Jomsom,,,,,,
Mill Valley,,,,,,
Engelberg,,,,,,
Sasgen et al.,,,,,,
BUENOS AIRES,,,,,,
Buenos Aires,,,,,,
Longyearbyen,,,,,,
Montreal,,,,,,
Tennessee,,,,,,
Masterton,,,,,,
uninhabited island,,,,,,
the Gulf of Finland,,,,,,
St. Vincent,,,,,,
Grenadines,,,,,,
SACRAMENTO,,,,,,
LA,,,,,,
Sundin,,,,,,
CHICAGO,,,,,,
"Middle East
",,,,,,
South Pacific,,,,,,
the Kaçkar Mountains,,,,,,
New York Rangers,,,,,,
Las Vegas,,,,,,
the Mile High City,,,,,,
Mattighofen,,,,,,
Colo,,,,,,
Buffalo,,,,,,
TAMPA,,,,,,
the Cascade Mountains,,,,,,
Nevada,,,,,,
ECHL,,,,,,
Middle East,,,,,,
Dallas Stars,,,,,,
Copenhagen,,,,,,
Netherlands,,,,,,
Indore,,,,,,
Columbus,,,,,,
Glacier National Park,,,,,,
Narchyang,,,,,,
Kuber,,,,,,
Annapurna Rural Municipality-4,,,,,,
Tempe,,,,,,
the Utah Mammoth,,,,,,
Bluejohn Canyon,,,,,,
the Middle East,,,,,,
Victoria,,,,,,
Western America,,,,,,
los,,,,,,
Kabardino-Balkaria,,,,,,
Northern Italy,,,,,,
Chainwire,,,,,,
Kuwait,,,,,,
Denv,,,,,,
Central,,,,,,
the Boss Basin,,,,,,
LeBron,,,,,,
Indonesias,,,,,,
JAKARTA,,,,,,
UAE,,,,,,
Maharashtra,,,,,,
Thane rec,,,,,,
Mount Langtang Lirung,,,,,,
Qatar,,,,,,
Hurrican,,,,,,
Washington State,,,,,,
EDMONTON,,,,,,
the Fuckin Strait,,,,,,
Nakiska,,,,,,
Kargil,,,,,,
Drass,,,,,,
the Kashmir Valley,,,,,,
Pittsburgh Penguins,,,,,,
surpr,,,,,,
Val Thorens,,,,,,
li>7,,,,,,
Chitwan,,,,,,
the St. Louis Blues,,,,,,
Los Angeles',,,,,,
Pemberton,,,,,,
glacial lake,,,,,,
Narayani River,,,,,,
D.J.,,,,,,
Sydney,,,,,,
damagin,,,,,,
St. Elias Mountains,,,,,,
the St. Elias Mountains,,,,,,
Facelifts,,,,,,
L.A.,,,,,,
Rocky Mountains,,,,,,
Pelicans,,,,,,
D.C.,,,,,,
the Klehini River,,,,,,
the Lhende River,,,,,,
Italys South Tyrol,,,,,,
DALLAS,,,,,,
ANGELES,,,,,,
Bishkek,,,,,,
Yellowstone,,,,,,
mo…,,,,,,
Mount Everest NEW DELHI,,,,,,
Tasmania,,,,,,
LAAX,,,,,,
Avalanche Gulch,,,,,,
Shasta,,,,,,
Rotterdam,,,,,,
Bahamas,,,,,,
Wellhorn,,,,,,
Clifton,,,,,,
South Americas,,,,,,
Meiringen,,,,,,
Patagonia,,,,,,
South America,,,,,,
Albuquerque,,,,,,
Bern,,,,,,
Auckland,,,,,,
New Mexico Goatheads,,,,,,
Huaraz,,,,,,
Hormuz,,,,,,
Wasatch County,,,,,,
Carnarvon,,,,,,
New Nashville,,,,,,
Alpine Linux,,,,,,
Lake Ontario,,,,,,
Exmouth,,,,,,
Atlantic Ocean,,,,,,
Cardrona Alpine Resort,,,,,,
Cardrona Alpine,,,,,,
Ecuador,,,,,,
Vassanelli S,,,,,,
Pakist,,,,,,
Myagdi,,,,,,
PoK,,,,,,
​mountain,,,,,,
Pissis,,,,,,
Argentinas,,,,,,
Northern Alaska,,,,,,
North Korea,,,,,,
St. Louis,,,,,,
PORTLAND,,,,,,
Dearborn,,,,,,
Boreas,,,,,,
Leparulo A,,,,,,
Peru,,,,,,
Lebanon,,,,,,
Colorado Eagles,,,,,,
Frankfurt,,,,,,
South Korea’s,,,,,,
PROVO,,,,,,
Kerala,,,,,,
the Western Ghats,,,,,,
Miss.,,,,,,
páramos,,,,,,
Colombia,,,,,,
Broad Peak ISLAMABAD,,,,,,
Bolivia,,,,,,
the North Atlantic,,,,,,
the North Atlantic Ocean,,,,,,
Lyp,,,,,,
Lhende River,,,,,,
Chinas,,,,,,
Mount Andromeda,,,,,,
the Athabasca Glacier,,,,,,
Western Australia's,,,,,,
Kimberley,,,,,,
Colorado Avalanche,,,,,,
Modena,,,,,,
Kirill…,,,,,,
Bothell,,,,,,
Haines Summit,,,,,,
the Yukon border,,,,,,
the Haines Summit,,,,,,
Southland,,,,,,
Moscow,,,,,,
Fiordland,,,,,,
NZ,,,,,,
Venice Biennale,,,,,,
Gharpajhong Rural Mu,,,,,,
Gharpajhong Rural Municipality,,,,,,
Syabrubesi,,,,,,
New Delhi,,,,,,
EL SEGUNDO,,,,,,
"13,141-foot Mount Baxter",,,,,,
Hallstatt,,,,,,
Langtang Lirung,,,,,,
LA Kings,,,,,,
Bhote Koshi River,,,,,,
Jasper National Park,,,,,,
Siberia,,,,,,
Bergen,,,,,,
Western Canada,,,,,,
Whistler Village,,,,,,
Cisco,,,,,,
Southern Hemisphere,,,,,,
Cardrona,,,,,,
Alabama,,,,,,
the Soviet Union's,,,,,,
the Soviet Union,,,,,,
Ural Mountains,,,,,,
the Ural Mountains,,,,,,
Shark Bay,,,,,,
Coral Bay,,,,,,
Oslo,,,,,,
Sin City,,,,,,
Miami,,,,,,
GAINESVILLE,,,,,,
Rasuwagadhi,,,,,,
TIBET,,,,,,
the Bhotekoshi river,,,,,,
Lhende Khola river,,,,,,
North Americas,,,,,,
Thredbo,,,,,,
Phoenix Coyotes,,,,,,
Mega-Tsunami,,,,,,
Kiev,,,,,,
Gilgit-Baltist,,,,,,
Communications Earth,,,,,,
Banff,,,,,,
Snake Creek,,,,,,
Salahuddin,,,,,,
San Bernardino Coun,,,,,,
Wrightwood,,,,,,
N.J.,,,,,,
Trenton,,,,,,
Coast,,,,,,
Baylor,,,,,,
Icelandic,,,,,,
petro,,,,,,
Snapscope,,,,,,
Fraser Valley,,,,,,
the Nooksack River,,,,,,
the Fraser Valley,,,,,,
West Pine,,,,,,
Chetwynd,,,,,,
Colorados Park,,,,,,
Highland,,,,,,
Park,,,,,,
N.Y.,,,,,,
Americas,,,,,,
Montenegro,,,,,,
Kosovo,,,,,,
the Accursed Mountains,,,,,,
Accursed Mountains,,,,,,
Albania,,,,,,
beginni,,,,,,
Midwest,,,,,,
New York City Facing Snowy Commute,,,,,,
the Atlantic Ocean,,,,,,
the South Atlantic,,,,,,
PAUL,,,,,,
Algeria,,,,,,
colonizat,,,,,,
Jasper,,,,,,
Alta.,,,,,,
Weather Juneau,,,,,,
Munster,,,,,,
Louth,,,,,,
Connacht,,,,,,
Monaghan,,,,,,
Donegal,,,,,,
Cavan,,,,,,
Bâlea Lac,,,,,,
ISTANBUL,,,,,,
The City and Borough of Juneau Docks,,,,,,
the Rocky Mountains,,,,,,
Derry,,,,,,
Armagh,,,,,,
Antrim,,,,,,
Santas,,,,,,
Phoenix,,,,,,
North Carolina,,,,,,
the Great Lakes region,,,,,,
Pennsylvania,,,,,,
Erie,,,,,,
Dez Basin,,,,,,
the Gulf Coast,,,,,,
the Sea to Sky region,,,,,,
Vardousia Mountains,,,,,,
the Vardousia Mountains inFokida,,,,,,
NJ,,,,,,
the San Francisco Bay Area,,,,,,
Altadena,,,,,,
CALIFORNIA,,,,,,
Minnesota Wild,,,,,,
Turkey,,,,,,
Southern Europe,,,,,,
Stablecoin,,,,,,
the Elk Mountains,,,,,,
Treasury Mountain,,,,,,
Snowmass,,,,,,
Prague,,,,,,
Sparta,,,,,,
Winter Backpacking Packs,,,,,,
Mt,,,,,,
Arai Mountain Resort,,,,,,
Niseko United,,,,,,
South Korea,,,,,,
Quartzsite,,,,,,
Milei,,,,,,
Louvre,,,,,,
Budapest Summit,,,,,,
PANAMA CITY,,,,,,
Tallaght Stadium,,,,,,
Johannesburg,,,,,,
Ellis Park,,,,,,
AIRES,,,,,,
the Kanchenjunga river,,,,,,
Chamoli district,,,,,,
Kanchenjunga river,,,,,,
New Yorks,,,,,,
Great Lakes,,,,,,
North America's,,,,,,
Mount Eve…,,,,,,
North Face of Mount Everest,,,,,,
the North Pole,,,,,,
Hebei,,,,,,
Marble,,,,,,
JPYC,,,,,,
Northern Norway,,,,,,
Pacific(APAC,,,,,,
Sápmi,,,,,,
the Finnmark Plateau,,,,,,
Indigenous Sámi,,,,,,
New Zealand 's,,,,,,
NASHVILLE,,,,,,
Northern,,,,,,
Gabelhorn,,,,,,
Kyiv,,,,,,
Green Bay,,,,,,
turkey,,,,,,
Ont.,,,,,,
Belem,,,,,,
East Coast,,,,,,
Navarre,,,,,,
the Deep South,,,,,,
Girdwood,,,,,,
Allt,,,,,,
the Allt Backpack,,,,,,
Rolwaling Valley,,,,,,
Mount Yalung,,,,,,
Dolakha district,,,,,,
Gaurishankar Rural,,,,,,
Yalung Ri,,,,,,
Dolakha,,,,,,
Ita,,,,,,
Ortler,,,,,,
climbe,,,,,,
Québec City,,,,,,
Vineland,,,,,,
the north east,,,,,,
Perth,,,,,,
Donner Summit,,,,,,
Mont Blanc massif,,,,,,
Norther California's,,,,,,
the Pirin Mountains,,,,,,
the Boreal Mountain Ski Resort,,,,,,
the Frog Lake,,,,,,
NEVADA CITY,,,,,,
Lake Taho,,,,,,
eastern Donbas region,,,,,,
Geneva,,,,,,
Boreal Mountain Ski Resort,,,,,,
Pawtucket,,,,,,
Samaritan,,,,,,
Cali,,,,,,
"the Plains
",,,,,,
Odisha,,,,,,
Val d'Isere,,,,,,
Kinross,,,,,,
Leggi PARIS,,,,,,
French Alpine,,,,,,
Livigno,,,,,,
CALIF,,,,,,
Valtellina,,,,,,
Teton County,,,,,,
the Northern Hemisphere,,,,,,
Saint-Veran,,,,,,
quanto,,,,,,
sette giorni,,,,,,
Motown,,,,,,
Solda,,,,,,
the West Indies,,,,,,
Weezer,,,,,,
San Franc,,,,,,
Bengaluru,,,,,,
Wasatch,,,,,,
Sierra Mountains,,,,,,
the United States of America,,,,,,
Douglas County,,,,,,
Boulder Lodge,,,,,,
Backc,,,,,,
Charlotte,,,,,,
Lake,,,,,,
MASS,,,,,,
Larkspur,,,,,,
Idaho,,,,,,
Boise,,,,,,
NEVADA COUNTY,,,,,,
Mt.,,,,,,
Californias,,,,,,
France Alpine,,,,,,
Appleton,,,,,,
the Lake Tahoe,,,,,,
the San Bernardino Mountains,,,,,,
San Bernardino County Fire Department,,,,,,
Transverse Ranges,,,,,,
Monashee mountains,,,,,,
Selkirk,,,,,,
Zermatt,,,,,,
Yosemite National Park,,,,,,
the City of Catania,,,,,,
Salt,,,,,,
Linz,,,,,,
Vienna,,,,,,
SPRINGS,,,,,,
Rib Mountain,,,,,,
MONTREAL,,,,,,
Kananaskis Country,,,,,,
jersey,,,,,,
Loetschental,,,,,,
Squamish,,,,,,
the Pyrenees Mountains,,,,,,
the LaBarge Creek,,,,,,
Barcelona,,,,,,
Western,,,,,,
Okanogan,,,,,,
Kittitas County,,,,,,
Cebu City,,,,,,
Anekal,,,,,,
Bommasandra,,,,,,
INDORE,,,,,,
Us,,,,,,
Philppines,,,,,,
The City and Borough of Juneau,,,,,,
Cebu,,,,,,
Svalbard,,,,,,
Bina,,,,,,
Nev,,,,,,
New York Islanders,,,,,,
Madrid,,,,,,
Hamburg,,,,,,
The Czech Republic,,,,,,
Coloradonlooks,,,,,,
Oswego County,,,,,,
B.C.s South Coast,,,,,,
North Shore,,,,,,
Raleigh,,,,,,
Belfast,,,,,,
Aboyne,,,,,,
Whistler Blackcomb,,,,,,
Canton Valais,,,,,,
Jusant,,,,,,
the Lötschental valley,,,,,,
Haven,,,,,,
Cairn,,,,,,
srinagar,,,,,,
Warwan valley,,,,,,
KANATA,,,,,,
Kaçkar Mountains,,,,,,
Uttarkashi,,,,,,
Rudraprayag,,,,,,
Kinnaur,,,,,,
Kullu,,,,,,
Himachal Pradesh,,,,,,
Pradesh,,,,,,
Zhangjiakou,,,,,,
Lake Louise,,,,,,
Dublin,,,,,,
Six Noir,,,,,,
Valais,,,,,,
Ovronnaz,,,,,,
Denmark,,,,,,
Styria,,,,,,
Murtal,,,,,,
Pusterwald,,,,,,
Tujetsch,,,,,,
GENEVA,,,,,,
Pongau,,,,,,
Mount Elbrus,,,,,,
Italys Dolomite,,,,,,
Colton,,,,,,
southeast road,,,,,,
Kabardino-Balkaria region,,,,,,
