domain,sentiment_mean,sentiment_std,subjectivity_mean,subjectivity_std,counting
consent.yahoo.com,0.004544389073799879,0.15825101857741775,0.383131952885786,0.11941698448068479,299.0
thehockeynews.com,0.07227516575693188,0.15837052062437162,0.4160228749857291,0.16860534667976332,79.0
nypost.com,-0.0684490812889645,0.1817826991991268,0.42366431586499453,0.1909020369087095,72.0
www.denverpost.com,0.06604159469879167,0.22816910311655197,0.4306654273616395,0.19832271630386028,50.0
www.cbc.ca,0.049720389941690965,0.18576624119061486,0.3800634736578615,0.1468036761025184,49.0
www.cbsnews.com,-0.03641308922558923,0.12011966078457857,0.30095126195820643,0.1733522733434542,36.0
abcnews.com,-0.05784863516113517,0.1099013421504347,0.2620616582491583,0.147253664977366,35.0
www.milehighhockey.com,0.14622641573736045,0.19080398147546734,0.43427412847862157,0.13951445252264333,31.0
www.bbc.com,-0.04396803627407076,0.13088831961734826,0.294428521669901,0.1719486088470785,29.0
sports.yahoo.com,0.10315087047725936,0.20867796485897241,0.41429830885849406,0.13920506957744472,27.0
www.foxnews.com,-0.04922816188441189,0.14709452439106907,0.32141078961992425,0.14587150875636293,26.0
economictimes.indiatimes.com,0.0023387321012320996,0.1585824747166154,0.41571833305583306,0.14657670295161263,25.0
www.newser.com,-0.006045620542903153,0.10049467825625194,0.32980661950770646,0.20118973991870612,23.0
slashdot.org,-0.0023457571946724864,0.08242603853975897,0.34304008247835727,0.1337919325633575,22.0
abcnews.go.com,0.034870806802624985,0.1684818861681891,0.33161519456974003,0.2419784141314834,22.0
timesofindia.indiatimes.com,0.02780970418470418,0.18551404971359559,0.4224687950937951,0.17964613847568286,20.0
www.abc.net.au,-0.002307410953244285,0.12558171062067663,0.32211832920166256,0.1639781688370528,18.0
www.dailymail.com,-0.019357844226705834,0.07757100273053552,0.3885576306753762,0.22705527596358493,16.0
english.khabarhub.com,0.009051203776582561,0.1445387561391649,0.3368306286166135,0.143896020385555,15.0
www.independent.ie,0.08433570397856112,0.22634544050615374,0.30326710987425276,0.1722968932381654,14.0
coloradohockeynow.com,0.11835927960927961,0.20366382501222674,0.3851499723821153,0.11756014208271429,14.0
www.aljazeera.com,-0.046212307038199896,0.08987897096365162,0.1951763910692482,0.07890327529955019,14.0
www.rte.ie,-0.11243589743589744,0.14805951164810766,0.2862179487179487,0.20610222639614822,13.0
cryptobriefing.com,0.045256202131202135,0.08541704059888829,0.39107226107226106,0.1599744706385957,13.0
www.nbcsports.com,0.13230153037845346,0.17637352427496966,0.4014439246650785,0.14315274531987077,13.0
biztoc.com,-0.044322344322344324,0.08852954947567168,0.26101495726495727,0.16131836044903283,13.0
news.sky.com,-0.03969823826966685,0.10751602755642287,0.23244418280132567,0.13792773546886913,13.0
www.cbssports.com,0.18169661987843805,0.14687901802579253,0.438828107919017,0.1416799054713512,11.0
www.nbcnews.com,-0.02246428571428572,0.10517237183155197,0.2442718253968254,0.133869088642565,10.0
www.kqed.org,0.0501241432178932,0.15177955653983297,0.36620855533355534,0.18275359282707146,10.0
www.bbc.co.uk,-0.011230609668109673,0.08345294646319062,0.25382109788359786,0.15959519224053886,9.0
www.irishtimes.com,0.0005645743145743254,0.13169710151643382,0.3706537598204265,0.17340347540310858,9.0
www.dw.com,-0.04848137626262626,0.09819851952795493,0.357556727994228,0.14119415982802158,8.0
www.cnn.com,0.13179450757575759,0.33661001613081537,0.43240530303030306,0.2230761421207807,8.0
www.usatoday.com,0.0496031746031746,0.11448726513391144,0.40745220057720055,0.17039542415536904,8.0
post.rlsbb.to,0.058943329397874854,0.10694692222664717,0.4923024891774892,0.11271564210651976,8.0
www.huffpost.com,-0.02997685185185186,0.11932819852966316,0.35344328703703703,0.17326682959990267,8.0
www.nature.com,0.0993452380952381,0.12215146694767948,0.5287611607142857,0.18427601445202588,8.0
japantoday.com,-0.06279199372056514,0.12459877079327046,0.34775078492935635,0.2886035229633706,7.0
dailycaller.com,0.016794401743381326,0.09151036272789306,0.36964549528325036,0.07760877979751865,7.0
www.npr.org,0.009176260247688797,0.17026917966003266,0.3191623059480202,0.20263224484071526,7.0
www.yahoo.com,-0.05212894248608535,0.11835497484417495,0.29312461348175634,0.15185811739036717,7.0
www.bostonherald.com,0.07941317941317941,0.16479134054073613,0.3600324675324676,0.10025727650051758,7.0
financialpost.com,0.005180562583159984,0.2130930071470981,0.4369779661175765,0.20650055598082642,7.0
www.thestar.com.my,0.07435142238713667,0.16183870653011176,0.292761544011544,0.23484352082811188,7.0
www.forbes.com,0.004006734006734007,0.07800549059044211,0.32449775533108866,0.17835713142341253,6.0
freerepublic.com,-0.018716931216931215,0.13993403060660656,0.38805555555555554,0.13172933294439132,6.0
www.thesportingtribune.com,0.09566979316979318,0.15564198850680167,0.5418464405964406,0.09087762432173187,6.0
www.thejournal.ie,-0.05993518518518518,0.10401780237198084,0.28388227513227515,0.07695884225857656,6.0
www.channelnewsasia.com,0.0037698412698412725,0.18980561524818756,0.17412698412698413,0.16428073951520114,6.0
www.sportingnews.com,0.1735813492063492,0.13851028861695647,0.4536309523809524,0.20312925286746944,5.0
www.pbs.org,-0.06797963400236127,0.1553307286551578,0.3154087957497048,0.11933350972736391,5.0
alltoc.com,0.04912942612942613,0.10712696273715926,0.4593479853479853,0.05567676040344421,5.0
www.nationalgeographic.com,0.21808802308802305,0.2497744899605987,0.4883674843674844,0.14033939476297774,5.0
www.foxweather.com,0.06166454081632653,0.19456420435021685,0.39282312925170065,0.2497627654649105,5.0
www.thebiglead.com,0.06090151515151515,0.1912177496710392,0.22938888888888892,0.13519367680077937,5.0
allthatsinteresting.com,0.027121212121212112,0.21610129669113187,0.47172727272727266,0.056767007257276264,5.0
sectionhiker.com,0.27983703703703705,0.2226608150213085,0.34613732193732194,0.03406667601132994,5.0
peoplesreview.com.np,0.05811607142857143,0.15636868069296408,0.2767589285714286,0.1719861757781742,5.0
bringatrailer.com,-0.03207792207792208,0.040788778394862744,0.24259740259740262,0.20439304658928584,5.0
bitcoinist.com,0.06548971861471863,0.19452773237347362,0.3162653318903319,0.10391392107189566,4.0
bitcoinfoundation.org,-0.012748917748917753,0.1865529831360265,0.2912031024531025,0.07535934024364634,4.0
www.blogto.com,0.00250065590974681,0.14224227090002683,0.44122843696707337,0.14346759860812927,4.0
www.naturalnews.com,-0.002777777777777782,0.16527098920870442,0.3518353174603175,0.06331891382674323,4.0
www.insurancejournal.com,-0.015039682539682533,0.1272847879110465,0.45325396825396824,0.11235767104077296,4.0
theconversation.com,-0.0367063492063492,0.2360230594787173,0.460515873015873,0.06482196807519428,4.0
www.nzherald.co.nz,-0.01450757575757576,0.1968083400856598,0.36650252525252525,0.18541780633705665,4.0
cointelegraph.com,0.14051948051948052,0.15655724304270113,0.32816017316017315,0.2197702562600951,4.0
www.ibtimes.com.au,0.02687500000000001,0.16530047696599423,0.6439583333333333,0.10259452506870957,4.0
www.the-independent.com,0.03126262626262626,0.03818676147787537,0.17600438912938915,0.10084978724924916,4.0
www.sciencedaily.com,-0.007185052051123481,0.09874690565770845,0.4891067885487529,0.13558129873289648,4.0
www.breitbart.com,-0.044259259259259255,0.1188555681932276,0.1837037037037037,0.12981626775749486,3.0
www.boredpanda.com,-0.005759980759980759,0.18680875764547508,0.5215247715247716,0.08339016987363623,3.0
www.hurriyetdailynews.com,0.046459034792368105,0.11528652266059541,0.43407126823793485,0.1723824786374442,3.0
punchng.com,0.04674450549450549,0.10757709710406768,0.4079685592185592,0.12264874440461981,3.0
www.globenewswire.com,0.11982323232323232,0.09048617960281191,0.48857323232323235,0.4219993772770913,3.0
www.digitaljournal.com,-0.011428571428571436,0.09003400718050703,0.17952380952380953,0.24605596398983295,3.0
www.coloradoan.com,-0.056851851851851855,0.0675093348216811,0.3662962962962963,0.04922025746434052,3.0
spacedaily.com,-0.016218133718133715,0.09073779616654719,0.31196007696007694,0.14631543596541471,3.0
yle.fi,0.0362037037037037,0.06908257568572908,0.2727777777777778,0.10670680668351287,3.0
words.filippo.io,-0.019444444444444455,0.11354325941798246,0.47300925925925935,0.12352730721412179,3.0
www.theverge.com,0.11667906167906167,0.05893310346502397,0.28830715580715577,0.03999371207181922,3.0
brobible.com,0.08737974987974988,0.1960102853334815,0.4542508417508418,0.1761491855391296,3.0
www.theatlantic.com,-0.18220779220779224,0.1027543391206889,0.4687301587301587,0.2386471381311136,3.0
www.tennessean.com,0.06944444444444446,0.05897464929322818,0.44097222222222227,0.05138419648246093,3.0
www.techtarget.com,0.13200757575757577,0.15095504902145165,0.4254419191919192,0.14546888903656652,3.0
decrypt.co,0.08638888888888889,0.10176035452516083,0.2919753086419753,0.08688586819710077,3.0
www.mensjournal.com,-0.02409932659932659,0.10750808896673587,0.4855050505050505,0.17103076566453043,3.0
www.thelocal.de,0.050198412698412666,0.25524704401216153,0.21785714285714286,0.276249480560967,3.0
en.protothema.gr,0.13960437710437712,0.13058292587033576,0.4022306397306397,0.17550388476709958,3.0
bleedingcool.com,0.13522727272727272,0.039442623617746836,0.4117424242424243,0.07018214692182388,3.0
ftw.usatoday.com,0.025252525252525238,0.22096594507472653,0.39706682206682203,0.17247899603011524,3.0
www.thelocal.se,0.30833333333333335,0.06291528696058958,0.6007407407407407,0.0628179157166124,3.0
www.sfgate.com,0.08011363636363637,0.27757121136031576,0.49829545454545454,0.4386043470416152,3.0
indianexpress.com,0.016515151515151514,0.06872260285561577,0.4414393939393939,0.1189894461370882,3.0
www.rt.com,0.03459175084175084,0.11763583380953709,0.5106607744107744,0.18585061550236315,3.0
www.twincities.com,-0.04989417989417991,0.03484708464090078,0.5197354497354497,0.1815547155059107,3.0
lezec.cz,0.0003906489133761795,0.049974584363922714,0.33345844811753905,0.008473572901185333,3.0
longreads.com,0.10187830687830689,0.08958311433935276,0.48732804232804233,0.15405537408686001,3.0
wccftech.com,0.025505050505050492,0.11077399501523608,0.4023569023569023,0.14416191671919865,3.0
matadornetwork.com,0.014217171717171717,0.08655336460824416,0.40527777777777785,0.2247998080597573,3.0
nationalpost.com,-0.019781144781144778,0.16013612345830905,0.36801346801346807,0.32634913531357757,3.0
www.windowscentral.com,-0.030105542605542605,0.06398378804096405,0.42756841923508593,0.06720112112587523,3.0
www.businessinsider.com,0.11250000000000002,0.10017346066809424,0.4145833333333333,0.07365695637359865,2.0
www.today.com,0.009134615384615387,0.11082538974366081,0.3302083333333333,0.05155986946151907,2.0
www.animenewsnetwork.com,0.2134259259259259,0.094935632659305,0.41944444444444445,0.10606601717798214,2.0
www.allaboutthejersey.com,0.06568181818181817,0.062032549440456226,0.4247727272727273,0.01124942606433147,2.0
www.upi.com,0.42321428571428577,0.5328554672512912,0.3875,0.017677669529663705,2.0
www.whats-on-netflix.com,0.10925925925925926,0.013094570021973102,0.2675925925925926,0.024879683041748854,2.0
www.thehindubusinessline.com,-0.12666666666666668,0.009428090415820616,0.24,0.056568542494923844,2.0
www.lubbockonline.com,0.1257936507936508,0.12065710948818076,0.33366402116402116,0.013562233237043496,2.0
www.thegatewaypundit.com,-0.1137987012987013,0.10675475754926772,0.18111471861471862,0.0014540074504918125,2.0
www.thefutoncritic.com,0.15838068181818182,0.2239841082451706,0.5508522727272727,0.0719159737684045,2.0
www.thecut.com,-0.0825925925925926,0.14508783584346197,0.1564814814814815,0.03797425306372202,2.0
www.coindesk.com,0.1712121212121212,0.01821335648510804,0.5318181818181817,0.2732003472766207,2.0
www.tampabay.com,0.28966942148760333,0.1550959832453799,0.4122314049586777,0.3284248025015204,2.0
www.skeptic.com,0.11562499999999999,0.004419417382415926,0.2739583333333333,0.013258252147247778,2.0
www.scientificamerican.com,0.15227272727272728,0.11463700846509178,0.45288825757575757,0.05122506511436635,2.0
www.rockpapershotgun.com,-0.19732142857142856,0.1982424368683714,0.4553571428571429,0.09848987309384052,2.0
www.rediff.com,0.004910714285714289,0.051138972567955666,0.32107142857142856,0.0020203050891044456,2.0
www.psychologytoday.com,-0.06884469696969697,0.25619228644126235,0.47017045454545453,0.0520955564169634,2.0
www.nybooks.com,0.028409090909090898,0.24266619081629248,0.4827922077922078,0.18779654123720646,2.0
www.internazionale.it,0.2833333333333333,0.5421151989096864,0.5,0.7071067811865476,2.0
www.nakedcapitalism.com,0.16704545454545455,0.11731544324231359,0.34878787878787876,0.03706953731674929,2.0
www.mentalfloss.com,0.1879120879120879,0.0642353412946021,0.6289377289377289,0.08806458080711577,2.0
www.techradar.com,0.065625,0.19003494744388466,0.20520833333333333,0.007365695637359844,2.0
www.carryology.com,0.16124999999999998,0.0777817459305202,0.5338888888888889,0.02435590024086989,2.0
wattsupwiththat.com,0.0023148148148148112,0.29135418298890153,0.5981481481481481,0.06547285010986553,2.0
journals.plos.org,0.1495138888888889,0.05725600742107739,0.54,0.05656854249492385,2.0
ambcrypto.com,0.4,0.1414213562373095,0.5,0.0,2.0
people.com,-0.08333333333333333,0.11785113019775792,0.27499999999999997,0.1060660171779821,2.0
petapixel.com,0.012152777777777762,0.4414506918657682,0.6118055555555555,0.12472577945929383,2.0
phys.org,0.20333333333333337,0.23098821518760557,0.5461111111111111,0.036926687461964265,2.0
skepticalscience.com,-0.06233766233766234,0.014693127920759424,0.33506493506493507,0.07897556257408196,2.0
fortune.com,-0.09749999999999999,0.03181980515339461,0.2929166666666667,0.11372634064083637,2.0
radaronline.com,-0.20208333333333334,0.12079740845270188,0.4373842592592593,0.1854518479361939,2.0
theweek.com,-0.05814814814814813,0.17586007539509874,0.3843981481481481,0.016826522478235507,2.0
newatlas.com,0.04038461538461539,0.05711247078814423,0.2730769230769231,0.38618908818649905,2.0
hollywoodlife.com,-0.1,0.03535533905932738,0.18125000000000002,0.04419417382415925,2.0
variety.com,0.06167068411386592,0.07641249760652835,0.3054952938475666,0.05802869527196077,2.0
apnews.com,0.16666666666666666,0.3771236166328254,0.26666666666666666,0.1649915822768611,2.0
lastwordonnothing.com,0.0,1.0,0.0,1.0,1.0
www.profootballnetwork.com,0.0,1.0,0.0,1.0,1.0
www.prnewswire.com,0.0,1.0,0.0,1.0,1.0
www.poundingtherock.com,0.0,1.0,0.0,1.0,1.0
www.propublica.org,0.0,1.0,0.0,1.0,1.0
www.quantamagazine.org,0.0,1.0,0.0,1.0,1.0
www.punknews.org,0.0,1.0,0.0,1.0,1.0
www.popsci.com,0.0,1.0,0.0,1.0,1.0
www.redflagdeals.com,0.0,1.0,0.0,1.0,1.0
kotaku.com,0.0,1.0,0.0,1.0,1.0
www.resilience.org,0.0,1.0,0.0,1.0,1.0
kdvr.com,0.0,1.0,0.0,1.0,1.0
johnaugust.com,0.0,1.0,0.0,1.0,1.0
iasbaba.com,0.0,1.0,0.0,1.0,1.0
www.postingandtoasting.com,0.0,1.0,0.0,1.0,1.0
www.pcgamer.com,0.0,1.0,0.0,1.0,1.0
www.pnj.com,0.0,1.0,0.0,1.0,1.0
www.phillymag.com,0.0,1.0,0.0,1.0,1.0
newrepublic.com,0.0,1.0,0.0,1.0,1.0
www.nationalobserver.com,0.0,1.0,0.0,1.0,1.0
nep123.com,0.0,1.0,0.0,1.0,1.0
mysticryst.com,0.0,1.0,0.0,1.0,1.0
mypeoplesreview.com,0.0,1.0,0.0,1.0,1.0
mymodernmet.com,0.0,1.0,0.0,1.0,1.0
msmagazine.com,0.0,1.0,0.0,1.0,1.0
www.newsweek.com,0.0,1.0,0.0,1.0,1.0
www.newyorker.com,0.0,1.0,0.0,1.0,1.0
martech.zone,0.0,1.0,0.0,1.0,1.0
macdailynews.com,0.0,1.0,0.0,1.0,1.0
m.economictimes.com,0.0,1.0,0.0,1.0,1.0
www.ohscanada.com,0.0,1.0,0.0,1.0,1.0
www.palmbeachpost.com,0.0,1.0,0.0,1.0,1.0
legalinsurrection.com,0.0,1.0,0.0,1.0,1.0
www.singletracks.com,0.0,1.0,0.0,1.0,1.0
www.pensburgh.com,0.0,1.0,0.0,1.0,1.0
greeknetwork.gr,0.0,1.0,0.0,1.0,1.0
www.smallbusinessbranding.com,0.0,1.0,0.0,1.0,1.0
git.kernel.org,0.0,1.0,0.0,1.0,1.0
www.vampyvarnish.com,0.0,1.0,0.0,1.0,1.0
balloon-juice.com,0.0,1.0,0.0,1.0,1.0
bakedbree.com,0.0,1.0,0.0,1.0,1.0
atozsports.com,0.0,1.0,0.0,1.0,1.0
www.tmz.com,0.0,1.0,0.0,1.0,1.0
asymco.com,0.0,1.0,0.0,1.0,1.0
www.unexplained-mysteries.com,0.0,1.0,0.0,1.0,1.0
alaskapublic.org,0.0,1.0,0.0,1.0,1.0
www.usmagazine.com,0.0,1.0,0.0,1.0,1.0
www.vanguardngr.com,0.0,1.0,0.0,1.0,1.0
www.thenation.com,0.0,1.0,0.0,1.0,1.0
www.vox.com,0.0,1.0,0.0,1.0,1.0
www.wftv.com,0.0,1.0,0.0,1.0,1.0
aistack.imec-int.com,0.0,1.0,0.0,1.0,1.0
afuse8production.slj.com,0.0,1.0,0.0,1.0,1.0
www.wnd.com,0.0,1.0,0.0,1.0,1.0
www.wpxi.com,0.0,1.0,0.0,1.0,1.0
www.xda-developers.com,0.0,1.0,0.0,1.0,1.0
acquiremag.com,0.0,1.0,0.0,1.0,1.0
www.theregister.com,0.0,1.0,0.0,1.0,1.0
beincrypto.com,0.0,1.0,0.0,1.0,1.0
www.slashfilm.com,0.0,1.0,0.0,1.0,1.0
dailyinterlake.com,0.0,1.0,0.0,1.0,1.0
news.mit.edu,0.0,1.0,0.0,1.0,1.0
www.smithsonianmag.com,0.0,1.0,0.0,1.0,1.0
www.snopes.com,0.0,1.0,0.0,1.0,1.0
www.spacedaily.com,0.0,1.0,0.0,1.0,1.0
gardenrant.com,0.0,1.0,0.0,1.0,1.0
www.technologyreview.com,0.0,1.0,0.0,1.0,1.0
detroitsportsnation.com,0.0,1.0,0.0,1.0,1.0
deadline.com,0.0,1.0,0.0,1.0,1.0
dailyhodl.com,0.0,1.0,0.0,1.0,1.0
boingboing.net,0.0,1.0,0.0,1.0,1.0
cp.copernicus.org,0.0,1.0,0.0,1.0,1.0
constitutionofinnovation.eu,0.0,1.0,0.0,1.0,1.0
www.theblaze.com,0.0,1.0,0.0,1.0,1.0
comicbook.com,0.0,1.0,0.0,1.0,1.0
collegefootballnews.com,0.0,1.0,0.0,1.0,1.0
coinjournal.net,0.0,1.0,0.0,1.0,1.0
clsbluesky.law.columbia.edu,0.0,1.0,0.0,1.0,1.0
cheezburger.com,0.0,1.0,0.0,1.0,1.0
www.mnot.net,0.0,1.0,0.0,1.0,1.0
www.markhorrell.com,0.0,1.0,0.0,1.0,1.0
newsonjapan.com,0.0,1.0,0.0,1.0,1.0
skeptoid.com,0.0,1.0,0.0,1.0,1.0
www.canescountry.com,0.0,1.0,0.0,1.0,1.0
abc11.com,0.0,1.0,0.0,1.0,1.0
statetimes.in,0.0,1.0,0.0,1.0,1.0
soldiersystems.net,0.0,1.0,0.0,1.0,1.0
snowboardmag.com,0.0,1.0,0.0,1.0,1.0
slickdeals.net,0.0,1.0,0.0,1.0,1.0
www.cjr.org,0.0,1.0,0.0,1.0,1.0
www.cnbc.com,0.0,1.0,0.0,1.0,1.0
screenrant.com,0.0,1.0,0.0,1.0,1.0
strata.highloop.co,0.0,1.0,0.0,1.0,1.0
www.counterpunch.org,0.0,1.0,0.0,1.0,1.0
www.covers.com,0.0,1.0,0.0,1.0,1.0
www.creativebloq.com,0.0,1.0,0.0,1.0,1.0
www.cultofmac.com,0.0,1.0,0.0,1.0,1.0
screenanarchy.com,0.0,1.0,0.0,1.0,1.0
www.darkhorizons.com,0.0,1.0,0.0,1.0,1.0
www.dazeddigital.com,0.0,1.0,0.0,1.0,1.0
science.nasa.gov,0.0,1.0,0.0,1.0,1.0
www.c-sharpcorner.com,0.0,1.0,0.0,1.0,1.0
www.brit.co,0.0,1.0,0.0,1.0,1.0
www.detroitnews.com,0.0,1.0,0.0,1.0,1.0
www.archdaily.com,0.0,1.0,0.0,1.0,1.0
www.8days.sg,0.0,1.0,0.0,1.0,1.0
timesofmalta.com,0.0,1.0,0.0,1.0,1.0
www.activistpost.com,0.0,1.0,0.0,1.0,1.0
www.advocate.com,0.0,1.0,0.0,1.0,1.0
thepointsguy.com,0.0,1.0,0.0,1.0,1.0
www.androidauthority.com,0.0,1.0,0.0,1.0,1.0
theleadsm.com,0.0,1.0,0.0,1.0,1.0
www.anothermag.com,0.0,1.0,0.0,1.0,1.0
www.artsjournal.com,0.0,1.0,0.0,1.0,1.0
stylebyemilyhenderson.com,0.0,1.0,0.0,1.0,1.0
www.battleredblog.com,0.0,1.0,0.0,1.0,1.0
theeconomiccollapseblog.com,0.0,1.0,0.0,1.0,1.0
thednvr.com,0.0,1.0,0.0,1.0,1.0
www.bikeexif.com,0.0,1.0,0.0,1.0,1.0
www.blessthisstuff.com,0.0,1.0,0.0,1.0,1.0
thediplomat.com,0.0,1.0,0.0,1.0,1.0
tech.slashdot.org,0.0,1.0,0.0,1.0,1.0
survivalblog.com,0.0,1.0,0.0,1.0,1.0
www.deseret.com,0.0,1.0,0.0,1.0,1.0
robohub.org,0.0,1.0,0.0,1.0,1.0
open-piste.raed.workers.dev,0.0,1.0,0.0,1.0,1.0
www.lawyersgunsmoneyblog.com,0.0,1.0,0.0,1.0,1.0
www.ign.com,0.0,1.0,0.0,1.0,1.0
pleated-jeans.com,0.0,1.0,0.0,1.0,1.0
www.indiewire.com,0.0,1.0,0.0,1.0,1.0
physicsworld.com,0.0,1.0,0.0,1.0,1.0
www.irishtimes.comhttps:,0.0,1.0,0.0,1.0,1.0
www.kcra.com,0.0,1.0,0.0,1.0,1.0
www.kpbs.org,0.0,1.0,0.0,1.0,1.0
www.ladbible.com,0.0,1.0,0.0,1.0,1.0
www.lifesciencesworld.com,0.0,1.0,0.0,1.0,1.0
www.ibtimes.com,0.0,1.0,0.0,1.0,1.0
www.livescience.com,0.0,1.0,0.0,1.0,1.0
osmand.net,0.0,1.0,0.0,1.0,1.0
www.macrumors.com,0.0,1.0,0.0,1.0,1.0
www.mactrast.com,0.0,1.0,0.0,1.0,1.0
www.maizenbrew.com,0.0,1.0,0.0,1.0,1.0
www.marca.com,0.0,1.0,0.0,1.0,1.0
whdh.com,0.0,1.0,0.0,1.0,1.0
www.mediafax.ro,0.0,1.0,0.0,1.0,1.0
post.rlsbb.cc,0.0,1.0,0.0,1.0,1.0
press.un.org,0.0,1.0,0.0,1.0,1.0
www.discovermagazine.com,0.0,1.0,0.0,1.0,1.0
road.cc,0.0,1.0,0.0,1.0,1.0
robbreport.com,0.0,1.0,0.0,1.0,1.0
www.elliott.org,0.0,1.0,0.0,1.0,1.0
www.esa.int,0.0,1.0,0.0,1.0,1.0
www.espn.com,0.0,1.0,0.0,1.0,1.0
www.essentiallysports.com,0.0,1.0,0.0,1.0,1.0
www.fieldgulls.com,0.0,1.0,0.0,1.0,1.0
www.filmibeat.com,0.0,1.0,0.0,1.0,1.0
www.finextra.com,0.0,1.0,0.0,1.0,1.0
www.foreverblueshirts.com,0.0,1.0,0.0,1.0,1.0
pypi.org,0.0,1.0,0.0,1.0,1.0
www.fox21news.com,0.0,1.0,0.0,1.0,1.0
www.fox5ny.com,0.0,1.0,0.0,1.0,1.0
researchbuzz.me,0.0,1.0,0.0,1.0,1.0
reason.com,0.0,1.0,0.0,1.0,1.0
www.freep.com,0.0,1.0,0.0,1.0,1.0
www.globalresearch.ca,0.0,1.0,0.0,1.0,1.0
www.highsnobiety.com,0.0,1.0,0.0,1.0,1.0
www.holidaypirates.com,0.0,1.0,0.0,1.0,1.0
1000mg.jp,0.0,1.0,0.0,1.0,1.0
