day,sentiment_mean,sentiment_std,subjectivity_mean,subjectivity_std,counting
2025-10-01,-0.6994108340597749,0.37258552660267613,0.18621399340114161,0.38818009585671837,2.0
2025-10-06,0.21393939393939393,1.0,0.49757575757575756,1.0,1.0
2025-10-08,-1.3765942252837535,0.02082851663312537,-0.8324614694456485,0.8699903701411684,2.0
2025-10-12,0.03571428571428571,1.0,0.18571428571428572,1.0,1.0
2025-10-13,-0.8523577536271874,0.20541589517343345,-0.9929299724790442,0.4042150335666091,2.0
2025-10-14,0.7502776891543399,1.0709622426705252,-0.044940695886781935,0.8780848958810189,6.0
2025-10-16,-0.10736673359576865,0.48633943460483864,0.34447523859309054,0.388805568011939,5.0
2025-10-17,1.1584500959238722,0.940040345941676,0.07990159764695656,0.6938971203065,5.0
2025-10-18,0.5110078460727566,1.0,0.4840456216301647,1.0,1.0
2025-10-19,-0.16381012388121682,0.9362097398840316,0.2650996597745359,1.112964118067827,3.0
2025-10-20,0.26488618430751026,0.41298909176451865,0.7782581399145476,0.49949339665729175,3.0
2025-10-21,0.2867642564215188,1.0793372291197203,0.7407129024369745,0.31203194309047405,4.0
2025-10-22,0.6399984259935696,1.2014963199878765,0.13240245928941227,0.7518819528289632,3.0
2025-10-23,0.7839445977315443,0.09466610673684132,0.888538344412006,0.6044292400448524,3.0
2025-10-24,0.27515630356663295,1.0,-0.9062609603542688,1.0,1.0
2025-10-27,-0.5917926073873084,0.7960340046759641,-0.379455779409493,1.0508472572409553,2.0
2025-10-28,0.2868869226841606,0.591330451760757,-0.07175262297801277,1.1695444174503695,3.0
2025-10-29,0.21129422236572212,0.3350470556742444,-0.14541091276705798,0.5979817601565346,6.0
2025-10-30,0.40729898086712585,0.3256108866598305,0.3823729852016789,0.7917131985087862,4.0
2025-10-31,0.8458152118946418,0.31843297291571465,-0.26258711912787247,0.7736865628964671,3.0
2025-11-02,-0.14800999335051468,0.5430448095443853,-0.8464135357799828,0.786249383919084,13.0
2025-11-03,-0.6314855908626055,0.7900586819633736,-0.35139805428505044,1.0400232339394702,13.0
2025-11-04,-0.7965609977977782,1.2567312057162934,-0.15867171806844893,0.9974658029317098,14.0
2025-11-05,0.41712870999650004,1.000218730973553,0.5495272961000728,0.6200549826387587,4.0
2025-11-06,-0.3640283925153491,0.46435679366049604,-0.14661982008291544,0.75485303158826,9.0
2025-11-07,0.19190033206516835,0.8517372489946318,-0.5972209811443416,0.7018710387969204,6.0
2025-11-08,-0.1801467048399603,0.4639069260011594,-0.0690355937288492,0.6065073208113468,3.0
2025-11-09,-0.5059168663235906,0.9259518839236249,0.606552984895051,0.5416513713939524,2.0
2025-11-10,0.20501617194467026,1.4530800730873494,0.10664335117664062,1.0058681833512377,11.0
2025-11-11,0.41552664402669043,0.3546200436878529,0.4175911791490262,0.42020296003153845,4.0
2025-11-13,2.2397371358507256,0.31536204539927926,0.5684652830020198,0.3742919362704906,2.0
2025-11-15,0.3954236318363782,1.0,-0.9326337982616565,1.0,1.0
2025-11-17,-0.5349846004789691,0.24341752234189046,-0.9331571595039697,0.31968351079606727,2.0
2025-11-18,0.8568362309468011,1.0,-0.29362917251287146,1.0,1.0
2025-11-19,1.639543503050053,1.0,0.4372228824252291,1.0,1.0
2025-11-20,0.07216606372625851,0.9711134298236965,0.7835905514241027,0.43994810151964475,3.0
2025-11-21,-0.36956833099016223,0.24211523573505528,0.213918988521213,1.189759582317174,2.0
2025-11-22,-1.548469349798621,1.0,0.37403530954669933,1.0,1.0
2025-11-23,-0.14335096609794057,1.0,2.1984432617240257,1.0,1.0
2025-11-24,0.8584712372872596,0.21406166667885396,0.8312932535340951,0.1756261934571738,2.0
2025-11-25,0.10918012481138058,1.0692838778138252,0.16749790361323713,0.9161524205475037,3.0
2025-11-26,0.7071067811865476,1.0,0.7071067811865476,1.0,1.0
2025-11-27,-0.2948104973577439,1.05078865522116,0.018626841796197828,0.5821873283631617,5.0
2025-11-28,-0.05542083199118243,0.6994119923568951,-0.0001703776918581916,0.4617020567965085,9.0
2025-11-29,0.017914098167249932,1.3590252065021649,0.2551991764130589,0.6599397906828252,7.0
2025-11-30,0.5339152330730771,0.7243421543594464,0.6782814141445441,0.20372955586240413,4.0
2025-12-01,0.46033917759567033,0.5082580970300472,0.1991712997531096,1.172460883144288,5.0
2025-12-02,0.7200688509038997,0.6560165163902703,0.41542723193957976,0.7877366008516415,3.0
2025-12-03,0.1339902520633474,0.35931687862921147,0.39636165608669766,0.6660498429139711,4.0
2025-12-04,0.3209767451247633,0.46567548242536827,0.048932210051883786,1.0265131055673302,6.0
2025-12-05,-0.1840923081318763,0.9219589784571885,0.316504762916782,0.6676350243642747,7.0
2025-12-07,-0.13246753246753246,1.0,0.4155844155844156,1.0,1.0
2025-12-08,1.5186354162863442,1.0,0.4523541601403931,1.0,1.0
2025-12-09,0.25321703201964324,1.0,-0.10152225487954628,1.0,1.0
2025-12-10,-0.5227316090527537,0.7098726862762805,-0.1469138198107586,0.9648670530723257,6.0
2025-12-11,0.5740330777709325,0.734832517458804,0.3504461088677056,1.098136507489244,6.0
2025-12-12,0.2703755029645977,0.6251205323462076,-0.3311862457970634,1.040742515435501,9.0
2025-12-13,-0.6255698176372839,1.0,-1.4606509905733136,1.0,1.0
2025-12-14,-0.9968460429276196,0.3898167761048342,-0.5049231367894734,1.0116039407938504,4.0
2025-12-15,0.5130070220049922,0.5547583715257731,0.6176471761461348,0.44974577981951647,3.0
2025-12-17,-0.05427872474747474,0.19841154522213822,0.40595170454545454,0.18084125589824415,4.0
2025-12-18,0.11204070684903707,0.3803545899321668,0.02619448457717044,0.5650965547615002,4.0
2025-12-19,0.7766908963647278,1.883394824564986,0.13956985408337066,0.9762324353742795,3.0
2025-12-20,0.196373898171996,0.18068652238689717,-0.593786113939335,0.3120648125206344,2.0
2025-12-21,-0.4291998608013581,0.42945977619354503,0.8936677550252378,0.7486895308357435,4.0
2025-12-22,0.14494657481510942,0.1533553929792746,0.33038521465075754,0.24632528218787245,2.0
2025-12-23,0.45543724383990863,0.617255368277381,0.0013142552371476213,0.4582254978008251,2.0
2025-12-24,0.4674382152671263,0.9660337696092903,0.812664124164034,0.8712286623689903,4.0
2025-12-25,0.5781839616092405,1.001346679130672,0.2826487710081749,0.7618116159052224,7.0
2025-12-26,0.7967623111161466,0.9488322166775698,0.48555780919821173,1.311375124424198,5.0
2025-12-27,0.10596826520105251,1.0293578220928112,0.2728911405125745,0.9931002994366773,6.0
2025-12-28,-0.5516772261491445,1.0,-1.0952604439055067,1.0,1.0
2025-12-29,0.37568801404848773,0.8676828217698979,0.5587295805213705,1.0133783049835599,11.0
2025-12-30,0.06691424754266237,0.7014430841699523,-0.18161164808532645,0.9212422862195546,7.0
2025-12-31,-0.23609542486783347,0.7057802117259865,0.045899394982973574,1.7248583623580873,4.0
2026-01-01,0.09905192164867867,0.9447847955936758,0.0846526286671762,0.5766145402667221,6.0
2026-01-02,0.6403037059266294,0.7214352823824126,0.3853292794147565,0.7962670651081019,6.0
2026-01-03,-0.0373687118450538,0.9482833670504872,0.2494630015022847,0.6743799098961432,9.0
2026-01-04,-0.43958556358405415,0.7271536490870502,0.05720661298373586,0.8012443165119922,3.0
2026-01-05,0.7569731578427676,0.5683266461110693,-0.3269623694603052,0.4330393674487279,4.0
2026-01-06,-0.10511248237635014,0.6619599269589783,0.027408020915281387,1.0226197727483524,12.0
2026-01-07,-0.2114708145153497,0.9618459781386437,0.241919094241009,0.9381726794392782,8.0
2026-01-08,0.6578912534814029,1.079175047370639,-0.13304963173960105,0.9480683931173832,5.0
2026-01-09,-0.1777365947723435,1.0807548875841488,-0.232463518681589,0.7096973632809155,25.0
2026-01-10,-0.3535699518526414,0.5195366959619873,-0.5618510771213779,1.088157508351351,12.0
2026-01-11,0.024879344812376056,0.623569728885533,-0.13254834581443306,0.9623054433120697,9.0
2026-01-12,-0.028991910859478803,0.7160223158731676,-0.4382650929048406,0.8553646155193076,12.0
2026-01-13,0.1079240226009189,1.1230538264523346,0.20339493948488455,1.0775514170211873,15.0
2026-01-14,0.32373235768888897,0.7189081012620252,0.24715998558562324,0.7485425392562395,10.0
2026-01-15,0.3749777701583162,0.6758655789459017,0.1612108293905051,0.6394950826455376,7.0
2026-01-16,0.3820260516458389,1.0109354218390156,0.14895446619899225,1.2207273582538545,4.0
2026-01-17,-0.2953758397620998,0.644747554223537,-0.3014749732584713,0.8716225156269992,17.0
2026-01-18,-0.42515494291409256,1.1229664100772778,-0.07392985608693953,1.1484868559826018,9.0
2026-01-19,0.31926905923057547,1.0767739857318175,-0.19394931660259085,0.4520417327431392,3.0
2026-01-20,0.017732220785451693,0.6448750758425709,-0.34294667869671663,0.8513173819658791,9.0
2026-01-21,0.030699175126494255,0.9102834317872269,0.3775325881308807,0.777088393505305,4.0
2026-01-22,0.8489692499446779,0.7239131830853658,0.21624098962327748,0.34249196217288747,4.0
2026-01-23,-0.9102977944300735,0.8830932983639981,-0.039885931008964516,0.311895373432643,3.0
2026-01-24,0.1584918373533497,1.784308713867301,0.6106934731689037,1.054584592970827,7.0
2026-01-25,-0.6204794195129318,0.7683894518220943,-0.29624102806940955,1.1306359321526598,4.0
2026-01-26,0.15007421071580956,0.9604982261056373,-0.024564232344155657,1.1098509340777152,12.0
2026-01-27,-0.41305906549904003,0.2994573774155461,0.18967329774793348,0.5068228799736194,6.0
2026-01-28,0.11870530144525776,0.7365751212426562,0.2244726877103977,0.8109795751574352,8.0
2026-01-29,-0.20909378154941125,0.8268800776389145,0.08459453456860955,1.4002762968891365,10.0
2026-01-30,0.19438595055657493,1.663777401653479,0.04669086874383438,0.11498955279402136,5.0
2026-01-31,-0.6747288762549528,0.4667224948678705,-0.6301034015479752,0.3006773592484644,4.0
2026-02-01,-0.5342423058872132,0.4021434482941811,-0.10996721230982026,0.05921325046529841,2.0
2026-02-02,-0.10770476693937749,1.0,-0.17277234871998584,1.0,1.0
2026-02-03,0.30822574816327775,0.41132303165636414,-0.1822310810706574,1.0177811537836277,7.0
2026-02-04,0.06344336266143052,0.688866059716452,-0.7960429223250887,1.1910260680650593,2.0
2026-02-05,-0.3446225437553199,0.8209541879935911,0.53801525146631,1.0498174248481174,3.0
2026-02-06,-0.08691170836149728,0.678593558774571,0.4978564547628048,0.8141176726733662,4.0
2026-02-07,-0.263030907480237,0.4644003323686465,-0.1999118272122966,1.68122634150036,2.0
2026-02-08,-0.43140337684261576,1.0,-0.571649338701038,1.0,1.0
2026-02-09,1.0274217085968516,0.5948164153702309,0.11074193071719704,1.0475850584348967,7.0
2026-02-10,-0.12102498559866115,0.7331134752603294,-0.06096729437676691,0.8195703641089821,6.0
2026-02-11,-1.008161339154336,0.8530513790573329,0.44366147613136886,0.6108704622503901,4.0
2026-02-12,0.34098952955897127,0.43287207781872333,0.26500434501824177,1.8265163246122187,2.0
2026-02-13,-0.7074005991913944,0.37879152426675433,-0.9405821932627317,0.6522436908958638,3.0
2026-02-14,0.5470223146901487,0.31228697638338854,-0.3622555464380778,0.32612259845530683,2.0
2026-02-15,0.06818261375423645,0.5948397845414973,-0.3200139702686018,0.758942176236968,2.0
2026-02-16,-0.5231624050554622,0.871255149325079,0.1191463020988797,0.555797398108973,3.0
2026-02-17,0.09452299053657348,0.47012412039139273,-0.5393428857225924,0.790872184237371,9.0
2026-02-18,-0.021706858537880697,0.8623354412852627,-0.15052316475447122,0.8961734290829292,64.0
2026-02-19,-0.18620908395959493,0.7585066595985736,0.036560212744972446,0.8367975599155119,50.0
2026-02-20,-0.16389678693982077,0.9380904022129514,0.3428522219785729,0.8035635177493783,46.0
2026-02-21,-0.21646430990883334,1.1001847976059078,0.11348200322782222,1.0718344294795656,29.0
2026-02-22,-0.05837929040545852,1.0225132890232798,0.5147717477773688,1.1163301253754403,14.0
2026-02-23,0.12879148577023222,1.2415926798451897,-0.020971989964329404,0.713022072004127,13.0
2026-02-24,0.3449136991007503,0.9789998372828623,-0.10092303252469365,0.8080671780345825,9.0
2026-02-25,0.402379482418053,1.0932322453143954,0.15977144283673725,1.3682757205903207,9.0
2026-02-26,0.1619071297753381,0.5692217764836754,-1.0286059350492394,1.115322626740391,7.0
2026-02-27,-0.37245233024696206,1.44134978578493,-0.5820594851466268,1.0076635662569668,5.0
2026-02-28,-0.8254844528016743,1.221311923751207,0.018851061641940836,1.2007035493997331,2.0
2026-03-01,-0.8353580316316367,0.8438615117371051,-0.01050633846304831,0.05312262386340745,3.0
2026-03-02,0.9288617789602682,1.2261006943258332,1.0817818585262344,1.411594227853519,3.0
2026-03-03,0.17985387401114794,1.8235132183236296,-0.08001108044785352,1.1046944988678515,4.0
2026-03-04,0.20035416845458867,0.9598288484426492,0.03913099596186656,0.315547290008999,11.0
2026-03-05,-0.45263871985466475,0.841486561294558,-0.010333652423835793,0.47153321325174075,5.0
2026-03-06,0.1763992227470721,1.3832811902086637,0.42945007077024067,0.22629459783180572,4.0
2026-03-07,0.49620469823584057,0.7309827160429982,-0.6255320079500155,0.3600017172051028,4.0
2026-03-08,0.20629804138243268,0.5952263410955111,-0.16179414611095755,1.3610312368245545,4.0
2026-03-09,-0.2616851114739618,1.0343490314754384,-0.052176463729323996,0.7262913907357245,8.0
2026-03-10,0.016806704279685933,0.061308858464962965,0.7105068960284191,0.19152382452427752,2.0
2026-03-11,-0.12985522557484327,1.02414215569016,0.36189282730383476,0.2154028035504613,4.0
2026-03-12,-0.8855506186225885,1.0,-0.8064130716245717,1.0,1.0
2026-03-13,-0.4674149517002948,1.0,-0.03252337117185345,1.0,1.0
2026-03-14,0.9089278296327249,1.0,0.46857883218906854,1.0,1.0
2026-03-16,0.791700168056137,1.5482712205813252,0.015252442028085424,0.3464746104423243,4.0
2026-03-17,0.24443660773515108,0.546718571298912,0.2605573110245866,0.6765573008166224,6.0
2026-03-18,-0.8436771167851886,0.7092466314855789,-0.3616687752670577,0.571714493285049,2.0
2026-03-19,-0.31185248215036787,0.7334604648501516,-1.2841399590046523,0.7203803179387384,4.0
2026-03-21,0.27030830603763156,0.7444698103854838,-0.04645149383186777,0.8564621466404473,10.0
2026-03-22,0.10316877560074941,0.8167785951822185,0.6353314227658639,1.0931545891871297,5.0
2026-03-23,0.04054367571894729,0.7107324505709451,-0.683034641637273,1.1656928985498507,4.0
2026-03-24,-0.07650600058701053,0.5199730740615232,-0.41622925008167744,0.6692390090762896,7.0
2026-03-25,0.11323641570338969,1.107628535046738,0.054417944392324225,1.2246884648539191,8.0
2026-03-26,-0.04485706071016491,0.9066670610561185,0.3745501093138763,0.12667821926019415,5.0
2026-03-27,-0.37002237248625913,1.3501907990144053,0.1912449038338206,0.5013079082652567,8.0
2026-03-28,0.04583040325416274,0.9889828193672986,0.3503653928837417,1.5256616968353964,9.0
2026-03-29,0.7363804235487094,1.0,-0.21393281716536208,1.0,1.0
2026-03-30,0.23928235909383988,0.6799328992538549,0.7939640485987515,1.0142981728948985,3.0
2026-03-31,-0.11338284951516503,1.1655037422525545,-0.2902937779446035,0.7813708091402611,4.0
2026-04-01,0.15559001018891622,1.0,-0.5914732581210878,1.0,1.0
2026-04-02,0.13,1.0,0.38190476190476197,1.0,1.0
2026-04-03,-0.6686978839963929,0.6286741837160872,0.46655952220543656,0.5989579163091278,3.0
2026-04-04,1.7920416338156413,1.0,2.0481087320769213,1.0,1.0
2026-04-05,0.08703933428658536,0.7694079375063068,-1.1486196170295182,0.7142196775820128,4.0
2026-04-06,0.17868711207811355,0.8518453331202516,0.25297068787996746,0.2861071805339216,2.0
2026-04-07,0.17063542602481863,1.3855216757492992,-0.4219990805063561,0.30657927209454383,3.0
2026-04-08,0.5333108676769734,1.00203652829572,-0.4660439608014878,1.0536700235494239,4.0
2026-04-09,0.09000667657807504,1.0561917511175842,-0.008644096496687237,1.1333636521901493,4.0
2026-04-10,0.6387967535474304,1.1177565585264169,0.28497272784882566,0.7384125697181189,8.0
2026-04-11,-0.38764741815073017,1.0682870534016742,0.16160970172951375,1.5190396609418806,6.0
2026-04-12,1.197660245912588,1.3125096602053832,0.34402919725243236,1.039178857477319,6.0
2026-04-13,-0.5300445491621293,0.5796391012366264,0.7588404170919356,1.2043097672994683,4.0
2026-04-14,0.6681716263135147,1.1286777776849795,-0.3408028866808375,0.7524422061073276,7.0
2026-04-15,-0.2237483364192302,0.3686722072371208,-0.06857820963712385,1.6732206149496298,4.0
2026-04-17,0.8664859084353091,0.5139309020833193,1.071699798666623,1.3888199228470224,3.0
2026-04-18,-0.0838819848184686,0.6199058251603542,0.21232321458493117,1.2162071145287952,4.0
2026-04-19,-0.3766412243346245,1.1680048561927217,0.4343007955941071,1.503818923635935,6.0
2026-04-20,0.8653820732092322,0.6431308240961151,-0.12921326518390608,0.7161878529728253,3.0
2026-04-22,-0.815746017853831,0.8840073888520155,0.6345710068994003,0.5352400015519392,12.0
2026-04-23,0.11235230218725079,0.036128555561052544,0.35979236679147886,0.14721471334602784,2.0
2026-04-24,-1.3109815993768836,0.39385362041377026,-0.2857801707029157,0.759235289189404,4.0
2026-04-25,0.861385514207584,0.9598212424824704,0.9449658420244766,1.7252741164953798,4.0
2026-04-26,-0.5011042725835755,0.5444073055562397,0.03580611212777277,0.8601657742276709,9.0
2026-04-27,0.2712834934415726,1.0683727593112595,-0.1541265683812071,0.9958783888363396,6.0
2026-04-28,0.4069347276348675,0.4946610510131046,-0.8022768590332483,1.2531043501755847,2.0
2026-04-29,0.4497924302935209,0.3768300687387848,0.2557190395578975,0.34546544728674694,2.0
2026-04-30,-1.2571787025275782,1.0,-0.7355654496401202,1.0,1.0
2026-05-01,0.4469294550048549,0.7125931394218747,-0.21856424603697228,0.3638442010479235,4.0
2026-05-02,-0.4354446230286116,0.5073581023338704,-0.1389746059066054,0.5519910417770518,4.0
2026-05-03,-0.9646392049555438,1.5472978821673324,0.01524057918010015,1.3535363491570123,5.0
2026-05-04,-0.18845011628009753,1.0948010628083489,-0.01521560543153248,1.0195236218638952,10.0
2026-05-05,-1.1118149755984663,0.23593723300342842,0.2982037422967934,0.28117464744495263,2.0
2026-05-06,0.4074812346033907,0.9096609071619971,0.3237993229192667,0.8224719332139551,6.0
2026-05-07,0.08634814297194679,0.6212249583820443,0.20020649375724975,0.6795683580515818,4.0
2026-05-08,0.11844253166090735,0.32290137994632073,0.20285241780827343,0.5905932537330105,3.0
2026-05-09,-0.46729046691993154,0.9778342179752422,0.46369824006491106,0.9626510364629955,3.0
2026-05-10,-0.5608417379665838,0.3233420274940356,-0.10564610311743773,0.9266269027436259,6.0
2026-05-11,-0.9496939595287957,1.0,-0.608400665717941,1.0,1.0
2026-05-12,-0.011989032841806684,0.8359879699743271,0.03512364689194816,0.612351020459915,15.0
2026-05-13,-0.00159642452217786,0.5719137783063676,-0.5596972516194283,1.1276589424112622,3.0
2026-05-14,0.15910175050923628,0.886174724186057,0.17483107866600375,0.8521222106981048,12.0
2026-05-15,0.13789964597105098,0.07714765926058141,0.2535795216007065,0.45491947118741133,2.0
2026-05-16,-0.15301404316708134,0.5428254890094967,-0.9845368195622202,0.2874986481074032,3.0
2026-05-17,-0.10784557129329787,0.5868052857231433,0.7679648302759233,0.8032454426073987,3.0
2026-05-18,1.0175221445442892,1.1970820962818374,0.2711338457088586,1.3715189629323568,6.0
2026-05-19,0.09466715170610762,0.6061909962159591,-0.07547938889005958,0.5734447034239657,6.0
2026-05-20,0.18502439837238455,1.1100010602366959,0.2615101388602553,0.8833373553929228,14.0
2026-05-21,0.12077658794101805,1.0596496134934457,0.36015421334586023,0.4531533814376081,6.0
2026-05-22,-0.2508990430428066,0.918578577848675,0.29795873442652165,0.4122356786041069,10.0
2026-05-23,-0.13013308000599924,0.787033956548174,0.27284684508768525,0.6420466054994993,12.0
2026-05-24,0.08976631590684267,1.0,0.5076166290568047,1.0,1.0
2026-05-25,0.016415424616417557,0.7697390403268686,0.031951081386278925,1.1384891363548164,12.0
2026-05-26,-0.26649058478384646,1.013316687409668,0.6345239263659836,0.9288285197934701,8.0
2026-05-27,-0.12623261643403139,0.4748887145392843,0.39874344524487976,0.7338415808531077,6.0
2026-05-28,-0.05945174730277327,1.089765958824359,0.34141614655480435,1.1794478254315328,10.0
2026-05-29,0.6198305461674478,0.5111256936332034,-0.10440546595447583,0.22699220588906166,4.0
2026-05-30,-0.36404882950045264,1.0592972432192063,0.43992547168964596,0.34233345429610407,5.0
2026-05-31,0.05491874481763569,0.6797139217404591,-0.030849188268576334,0.5721827088774202,5.0
2026-06-01,-0.29522840913728166,0.72246074976855,0.011536496037014555,0.5702685540204938,4.0
2026-06-02,0.05162071244817282,0.6718549534322042,0.2428608611137885,0.6461791068813754,11.0
2026-06-03,0.07073804975125328,0.6140739741911555,0.3460358715486685,1.1575408847006738,7.0
2026-06-04,-0.14403813649276861,0.35874310632743583,-0.4381053745437162,0.8851071271749666,3.0
2026-06-05,1.0319886795985722,1.0,-0.31666229471284063,1.0,1.0
2026-06-06,-0.23029111550107687,0.854204452119205,-0.28179686940205495,1.393727312043052,3.0
2026-06-07,-0.5001002005817847,1.2589987660044113,-0.3720834446530692,1.2468736717854383,3.0
2026-06-08,-0.3200638399321306,0.9834966642897365,1.1795794709948182,1.8751032632270228,2.0
2026-06-09,0.9332128646539573,0.2991614410545467,0.43020883615704764,0.7016036552051917,2.0
2026-06-10,0.063838334662904,1.655287801724595,-0.6138248867571637,0.2712995013988609,2.0
2026-06-11,0.11804534697008091,0.5654092177661625,0.06435350663058857,0.6153520674274825,6.0
2026-06-12,0.27513995331989965,0.6287837119167193,0.5055196608347805,0.6864791287499972,6.0
2026-06-13,-0.5439319392935458,1.081235988542669,-0.3908950599347146,1.5668786380888522,3.0
2026-06-14,-0.8485194007629707,0.6824002489001142,0.23970259772321734,1.9834882613149603,2.0
2026-06-15,0.03278851302049507,0.655745987099221,-0.006739765634007133,0.8114223347763636,5.0
2026-06-16,0.38491619950234013,0.9270990450326567,-0.2584166085225742,1.0338630613959874,4.0
2026-06-17,0.2297406330190962,1.5454055365006067,-0.42919549125755396,1.4088335164347778,3.0
2026-06-18,-0.10114772620996129,1.1825350128663448,0.5990302095354023,1.029914522938912,5.0
2026-06-19,0.18188441450730516,0.7890696401366281,-0.27555660370871693,0.8365412845209601,4.0
2026-06-20,0.5315283872580407,0.5770010082619206,-1.0411430733000548,0.1223646870897596,2.0
2026-06-21,-0.12350541742334922,0.03746899800931343,-0.5791708601804235,1.1726246759917203,2.0
2026-06-22,-0.09105007415702647,0.7855733976442665,-0.6756718314363217,1.0546988731621005,4.0
2026-06-23,0.8937511824113462,0.2639550435531156,-0.07822351610046091,1.1106247573657821,2.0
2026-06-24,-0.2246262765885379,0.3582180956348758,-1.304626050366851,0.606116235347164,4.0
2026-06-25,-0.12846001740300544,0.860267971440737,-0.17412310747529808,1.5050934740741204,4.0
2026-06-26,0.6328514907807297,1.1598249096618862,-0.3979550941774712,2.1122538132169115,2.0
2026-06-27,0.40867298955503323,0.646109854114625,-0.11037500821298107,1.0753501304086448,3.0
2026-06-28,-0.6356734310415182,0.7640129622091945,-0.054252328217527644,1.3437159320166965,3.0
2026-06-29,-0.8186006651857705,1.0,-0.06809712136971026,1.0,1.0
2026-06-30,0.5220258397232521,0.38622212504068076,0.3565169637016017,0.3316306161538463,3.0
2026-07-01,0.10465042765150756,1.0040376481851179,0.9141446878166596,1.0234612395000724,4.0
2026-07-02,-0.5466319079436548,0.736896129845449,0.2750611318631548,0.33810043669091583,5.0
2026-07-03,1.070849218044735,1.0,0.2618636718458707,1.0,1.0
2026-07-04,0.10027707452170805,0.8275804900576832,0.04389966478452309,1.485276693106563,4.0
2026-07-05,0.448303381537625,0.5912750514467193,-0.3611018557194637,1.4863175320988178,5.0
2026-07-06,0.041265292270769194,0.6549559440034434,-0.12392768698310519,0.9194948026775824,6.0
2026-07-07,0.3394153183870777,0.2546595453918902,0.1699762641703128,0.9138638796240752,4.0
2026-07-09,0.24266310497992935,0.29346473665639394,0.17061430057927907,0.6905499180659459,3.0
2026-07-10,0.6205832958403709,0.5215651558741375,0.29310754942819944,0.4328739152353181,3.0
2026-07-11,-0.49056128158978485,1.0,-0.7429689019541144,1.0,1.0
2026-07-12,0.24516097472628354,1.0,1.6249793611195629,1.0,1.0
2026-07-13,0.15641408438782695,0.597430494522591,-0.6646173569617732,1.0834161225078454,5.0
2026-07-14,-0.04835597076394205,0.45516567722304163,-0.12658500709651777,0.985848001674209,5.0
2026-07-15,-0.6896247429369612,0.8493542528388339,0.1974914337480816,0.5426436397315878,5.0
2026-07-16,-0.28915742038589876,1.0385583973380075,-0.49408157755501203,0.2076779921953901,2.0
2026-07-18,0.8809950135422038,0.8024645671254194,-0.21188654000100898,1.6552891936510836,2.0
2026-07-20,-0.5748464048659722,0.1793212638037828,-0.9740881048950314,1.6512931092676408,4.0
2026-07-23,-0.6089123336079776,1.0,-0.26819347284616385,1.0,1.0
2026-07-24,-0.2660533905932737,0.6237436867076458,-0.16188672392660713,0.7710575994548432,2.0
2026-07-25,-0.3975700701886139,2.076658472669849,0.8717520508405099,0.8721798696527786,2.0
2026-07-27,0.8543865314045865,1.0,-0.4766112269543007,1.0,1.0
2026-07-28,0.6516153486346371,0.6203660846931124,0.6669844157941527,0.5622640803889394,2.0
2026-07-29,0.6687097856630423,0.6834796834862686,0.5327514798673864,0.27612729090187504,2.0
2026-07-30,0.9048532349084782,1.157586303280246,0.38750262833541244,1.4560781746456417,6.0
2026-07-31,-0.39613057448604155,0.6036639468327887,-0.6606407278301406,0.7238412286508852,34.0
2026-08-01,0.3469312592304649,0.7976425019801184,0.26303949589155223,0.9390544880560023,37.0
2026-08-02,0.14708093263097138,0.8232321365505806,0.13023807447337163,0.5304548596345433,14.0
2026-08-03,0.6253716766910301,0.9848497874682649,0.007752912632251574,0.5698631333139367,5.0
2026-08-04,-1.0922039122838654,1.0430684858998278,-0.21573500699846063,0.6676154927019174,3.0
2026-08-05,0.8676480872488765,1.0,1.0139541350154089,1.0,1.0
2026-08-06,0.23669962228817706,0.44828675860198985,0.06153676922880313,0.6780700773222961,6.0
2026-08-07,-0.016835654392300392,0.499967858018867,-0.3471764944905015,1.0593077206137995,4.0
2026-08-08,-0.17280630554418583,1.0,-0.43927989385856103,1.0,1.0
2026-08-10,-0.3671613951240296,1.0,-0.7704516329026422,1.0,1.0
2026-08-11,0.11586797673075733,0.8148273654272531,-0.09840256487072031,0.42398375167547553,4.0
2026-08-12,0.22095454545454546,0.1324860978204977,0.5376818181818181,0.018706188484116926,2.0
2026-08-13,0.053047814637748644,0.35918601392887217,0.35215698562688175,0.5804075522106813,5.0
2026-08-14,-1.3859246796560234,1.1856733982198686,-0.15300652256805564,0.09913511420869589,2.0
2026-08-15,1.2661590636183373,1.0,-0.4827430687657055,1.0,1.0
2026-08-18,1.9792001366331644,1.0,1.815990135173292,1.0,1.0
2026-08-19,-0.30966638597305574,1.550128350321296,-0.05420067603500245,1.1657338205580403,2.0
2026-08-20,-0.7071067811865475,1.0,0.7071067811865477,1.0,1.0
2026-08-21,0.07462973257646036,0.8405599144856011,-0.5806362493702228,0.8875062146386412,8.0
2026-08-22,-0.8167242456592287,0.8088432910982565,-0.013188867054989423,0.6287528793393736,2.0
2026-08-23,-0.7071067811865476,1.0,0.7071067811865477,1.0,1.0
2026-08-25,0.19683548523505892,1.0,0.2618636718458707,1.0,1.0
2026-08-26,-0.4068046151710094,0.6981242216233786,0.4658204113136221,0.4109627767051229,8.0
2026-08-27,-0.11141959173838464,1.068576731010367,0.44260424926078534,0.6777646854203452,9.0
2026-08-28,-0.2927000400402058,0.8521975478327399,0.29170794748580225,1.1666307734777834,14.0
2026-08-29,0.713549385529043,1.323963130676208,0.4781551048376338,0.2017948829075066,3.0
2026-08-30,0.118054545990406,0.12690749671860083,1.500026682783972,0.08106002415164185,2.0
2026-08-31,-0.10784911351538326,1.3223073068219975,0.17871799655730683,1.09258795050297,4.0
2026-09-01,0.3501544090135225,1.2427432598162909,-0.1722251021591938,1.5153178140708006,4.0
2026-09-03,0.26958333333333334,1.0,0.5833333333333334,1.0,1.0
2026-09-04,1.3489163323024425,1.0,1.8726396425652998,1.0,1.0
2026-09-06,-0.4329324054901146,0.9282759197931368,0.6695536986629921,0.2377954457937881,2.0
2026-09-07,-0.676626161673082,1.0,-1.1477140984569627,1.0,1.0
